"Age","Annual Income (k$)","Spending Score (1-100)","Number of Purchases","Days Since Last Purchase"
42.8757637474542,31.1030629610702,55.3483992877755,42.753073418179,32.4895663725101
92.7217373940473,55.4527162977868,48.5924442058233,71.1186081358999,100.855593828173
45.964278512059,74.470060061784,57.6704119850187,22.4252157212992,57.1893410808477
48.968550033819,51.2041751691885,64.3267131880821,73.6745098039216,75.3999794864513
191.363039495899,261.073238584834,119.502780765317,255.081410754172,90.1837606837607
